trial,ms,target,angle,error,rpm,torque,out,akp,aki,akd,skp,ski,skd,amax,smax,score
1,127410,1900.0,0.0,1900.0,0.0,0,5000,0.0,0.0,0.0,0.0,0.0,0.0,5000,5000,4000630.0
1,127420,1900.0,0.0,1900.0,0.0,0,5000,0.0,0.0,0.0,0.0,0.0,0.0,5000,5000,4000630.0
1,127430,1900.0,0.0,1900.0,0.0,0,5000,0.0,0.0,0.0,0.0,0.0,0.0,5000,5000,4000630.0
1,127440,1900.0,0.0,1900.0,0.0,0,5000,0.0,0.0,0.0,0.0,0.0,0.0,5000,5000,4000630.0
1,127450,1900.0,0.0,1900.0,0.0,0,5000,0.0,0.0,0.0,0.0,0.0,0.0,5000,5000,4000630.0
1,127460,1900.0,0.0,1900.0,0.0,0,5000,0.0,0.0,0.0,0.0,0.0,0.0,5000,5000,4000630.0
1,127470,1900.0,0.0,1900.0,0.0,0,5000,0.0,0.0,0.0,0.0,0.0,0.0,5000,5000,4000630.0
1,127480,1900.0,0.0,1900.0,0.0,0,5000,0.0,0.0,0.0,0.0,0.0,0.0,5000,5000,4000630.0
1,127490,1900.0,0.0,1900.0,0.0,0,5000,0.0,0.0,0.0,0.0,0.0,0.0,5000,5000,4000630.0
1,127500,1900.0,0.0,1900.0,0.0,0,5000,0.0,0.0,0.0,0.0,0.0,0.0,5000,5000,4000630.0
1,127510,1900.0,0.0,1900.0,0.0,0,5000,0.0,0.0,0.0,0.0,0.0,0.0,5000,5000,4000630.0
1,127520,1900.0,0.0,1900.0,0.0,0,5000,0.0,0.0,0.0,0.0,0.0,0.0,5000,5000,4000630.0
1,127530,1900.0,0.0,1900.0,0.0,0,5000,0.0,0.0,0.0,0.0,0.0,0.0,5000,5000,4000630.0
1,127540,1900.0,0.0,1900.0,0.0,0,5000,0.0,0.0,0.0,0.0,0.0,0.0,5000,5000,4000630.0
1,127550,1900.0,0.0,1900.0,0.0,0,5000,0.0,0.0,0.0,0.0,0.0,0.0,5000,5000,4000630.0
1,127560,1900.0,0.0,1900.0,0.0,0,5000,0.0,0.0,0.0,0.0,0.0,0.0,5000,5000,4000630.0
1,127570,1900.0,0.0,1900.0,0.0,0,5000,0.0,0.0,0.0,0.0,0.0,0.0,5000,5000,4000630.0
1,127580,1900.0,0.0,1900.0,0.0,0,5000,0.0,0.0,0.0,0.0,0.0,0.0,5000,5000,4000630.0
1,127590,1900.0,0.0,1900.0,0.0,0,5000,0.0,0.0,0.0,0.0,0.0,0.0,5000,5000,4000630.0
1,127600,1900.0,0.0,1900.0,0.0,0,5000,0.0,0.0,0.0,0.0,0.0,0.0,5000,5000,4000630.0
1,127610,1900.0,0.0,1900.0,0.0,0,5000,0.0,0.0,0.0,0.0,0.0,0.0,5000,5000,4000630.0
1,127620,1900.0,0.0,1900.0,0.0,0,5000,0.0,0.0,0.0,0.0,0.0,0.0,5000,5000,4000630.0
1,127630,1900.0,0.0,1900.0,0.0,0,5000,0.0,0.0,0.0,0.0,0.0,0.0,5000,5000,4000630.0
1,127640,1900.0,0.0,1900.0,0.0,0,5000,0.0,0.0,0.0,0.0,0.0,0.0,5000,5000,4000630.0
1,127650,1900.0,0.0,1900.0,0.0,0,5000,0.0,0.0,0.0,0.0,0.0,0.0,5000,5000,4000630.0
1,127660,1900.0,0.0,1900.0,0.0,0,5000,0.0,0.0,0.0,0.0,0.0,0.0,5000,5000,4000630.0
1,127670,1900.0,0.0,1900.0,0.0,0,5000,0.0,0.0,0.0,0.0,0.0,0.0,5000,5000,4000630.0
1,127680,1900.0,0.0,1900.0,0.0,0,5000,0.0,0.0,0.0,0.0,0.0,0.0,5000,5000,4000630.0
1,127690,1900.0,0.0,1900.0,0.0,0,5000,0.0,0.0,0.0,0.0,0.0,0.0,5000,5000,4000630.0
1,127700,1900.0,0.0,1900.0,0.0,0,5000,0.0,0.0,0.0,0.0,0.0,0.0,5000,5000,4000630.0
1,127710,1900.0,0.0,1900.0,0.0,0,5000,0.0,0.0,0.0,0.0,0.0,0.0,5000,5000,4000630.0
1,127720,1900.0,0.0,1900.0,0.0,0,5000,0.0,0.0,0.0,0.0,0.0,0.0,5000,5000,4000630.0
1,127730,1900.0,0.0,1900.0,0.0,0,5000,0.0,0.0,0.0,0.0,0.0,0.0,5000,5000,4000630.0
1,127740,1900.0,0.0,1900.0,0.0,0,5000,0.0,0.0,0.0,0.0,0.0,0.0,5000,5000,4000630.0
1,127750,1900.0,0.0,1900.0,0.0,0,5000,0.0,0.0,0.0,0.0,0.0,0.0,5000,5000,4000630.0
1,127760,1900.0,0.0,1900.0,0.0,0,5000,0.0,0.0,0.0,0.0,0.0,0.0,5000,5000,4000630.0
1,127770,1900.0,0.0,1900.0,0.0,0,5000,0.0,0.0,0.0,0.0,0.0,0.0,5000,5000,4000630.0
1,127780,1900.0,0.0,1900.0,0.0,0,5000,0.0,0.0,0.0,0.0,0.0,0.0,5000,5000,4000630.0
1,127790,1900.0,0.0,1900.0,0.0,0,5000,0.0,0.0,0.0,0.0,0.0,0.0,5000,5000,4000630.0
1,127800,1900.0,0.0,1900.0,0.0,0,5000,0.0,0.0,0.0,0.0,0.0,0.0,5000,5000,4000630.0
1,127810,1900.0,0.0,1900.0,0.0,0,5000,0.0,0.0,0.0,0.0,0.0,0.0,5000,5000,4000630.0
1,127820,1900.0,0.0,1900.0,0.0,0,5000,0.0,0.0,0.0,0.0,0.0,0.0,5000,5000,4000630.0
1,127830,1900.0,0.0,1900.0,0.0,0,5000,0.0,0.0,0.0,0.0,0.0,0.0,5000,5000,4000630.0
1,127840,1900.0,0.0,1900.0,0.0,0,5000,0.0,0.0,0.0,0.0,0.0,0.0,5000,5000,4000630.0
1,127850,1900.0,0.0,1900.0,0.0,0,5000,0.0,0.0,0.0,0.0,0.0,0.0,5000,5000,4000630.0
1,127860,1900.0,0.0,1900.0,0.0,0,5000,0.0,0.0,0.0,0.0,0.0,0.0,5000,5000,4000630.0
1,127870,1900.0,0.0,1900.0,0.0,0,5000,0.0,0.0,0.0,0.0,0.0,0.0,5000,5000,4000630.0
1,127880,1900.0,0.0,1900.0,0.0,0,5000,0.0,0.0,0.0,0.0,0.0,0.0,5000,5000,4000630.0
1,127890,1900.0,0.0,1900.0,0.0,0,5000,0.0,0.0,0.0,0.0,0.0,0.0,5000,5000,4000630.0
1,127900,1900.0,0.0,1900.0,0.0,0,5000,0.0,0.0,0.0,0.0,0.0,0.0,5000,5000,4000630.0
1,127910,1900.0,0.0,1900.0,0.0,0,5000,0.0,0.0,0.0,0.0,0.0,0.0,5000,5000,4000630.0
1,127920,1900.0,0.0,1900.0,0.0,0,5000,0.0,0.0,0.0,0.0,0.0,0.0,5000,5000,4000630.0
1,127930,1900.0,0.0,1900.0,0.0,0,5000,0.0,0.0,0.0,0.0,0.0,0.0,5000,5000,4000630.0
1,127940,1900.0,0.0,1900.0,0.0,0,5000,0.0,0.0,0.0,0.0,0.0,0.0,5000,5000,4000630.0
1,127950,1900.0,0.0,1900.0,0.0,0,5000,0.0,0.0,0.0,0.0,0.0,0.0,5000,5000,4000630.0
1,127960,1900.0,0.0,1900.0,0.0,0,5000,0.0,0.0,0.0,0.0,0.0,0.0,5000,5000,4000630.0
1,127970,1900.0,0.0,1900.0,0.0,0,5000,0.0,0.0,0.0,0.0,0.0,0.0,5000,5000,4000630.0
1,127980,1900.0,0.0,1900.0,0.0,0,5000,0.0,0.0,0.0,0.0,0.0,0.0,5000,5000,4000630.0
1,127990,1900.0,0.0,1900.0,0.0,0,5000,0.0,0.0,0.0,0.0,0.0,0.0,5000,5000,4000630.0
1,128000,1900.0,0.0,1900.0,0.0,0,5000,0.0,0.0,0.0,0.0,0.0,0.0,5000,5000,4000630.0
1,128010,1900.0,0.0,1900.0,0.0,0,5000,0.0,0.0,0.0,0.0,0.0,0.0,5000,5000,4000630.0
1,128020,1900.0,0.0,1900.0,0.0,0,5000,0.0,0.0,0.0,0.0,0.0,0.0,5000,5000,4000630.0
1,128030,1900.0,0.0,1900.0,0.0,0,5000,0.0,0.0,0.0,0.0,0.0,0.0,5000,5000,4000630.0
1,128040,1900.0,0.0,1900.0,0.0,0,5000,0.0,0.0,0.0,0.0,0.0,0.0,5000,5000,4000630.0
1,128050,1900.0,0.0,1900.0,0.0,0,5000,0.0,0.0,0.0,0.0,0.0,0.0,5000,5000,4000630.0
1,128060,1900.0,0.0,1900.0,0.0,0,5000,0.0,0.0,0.0,0.0,0.0,0.0,5000,5000,4000630.0
1,128070,1900.0,0.0,1900.0,0.0,0,5000,0.0,0.0,0.0,0.0,0.0,0.0,5000,5000,4000630.0
1,128080,1900.0,0.0,1900.0,0.0,0,5000,0.0,0.0,0.0,0.0,0.0,0.0,5000,5000,4000630.0
1,128090,1900.0,0.0,1900.0,0.0,0,5000,0.0,0.0,0.0,0.0,0.0,0.0,5000,5000,4000630.0
1,128100,1900.0,0.0,1900.0,0.0,0,5000,0.0,0.0,0.0,0.0,0.0,0.0,5000,5000,4000630.0
1,128110,1900.0,0.0,1900.0,0.0,0,5000,0.0,0.0,0.0,0.0,0.0,0.0,5000,5000,4000630.0
1,128120,1900.0,0.0,1900.0,0.0,0,5000,0.0,0.0,0.0,0.0,0.0,0.0,5000,5000,4000630.0
1,128130,1900.0,0.0,1900.0,0.0,0,5000,0.0,0.0,0.0,0.0,0.0,0.0,5000,5000,4000630.0
1,128140,1900.0,0.0,1900.0,0.0,0,5000,0.0,0.0,0.0,0.0,0.0,0.0,5000,5000,4000630.0
1,128150,1900.0,0.0,1900.0,0.0,0,5000,0.0,0.0,0.0,0.0,0.0,0.0,5000,5000,4000630.0
1,128160,1900.0,0.0,1900.0,0.0,0,5000,0.0,0.0,0.0,0.0,0.0,0.0,5000,5000,4000630.0
1,128170,1900.0,0.0,1900.0,0.0,0,5000,0.0,0.0,0.0,0.0,0.0,0.0,5000,5000,4000630.0
1,128180,1900.0,0.0,1900.0,0.0,0,5000,0.0,0.0,0.0,0.0,0.0,0.0,5000,5000,4000630.0
1,128190,1900.0,0.0,1900.0,0.0,0,5000,0.0,0.0,0.0,0.0,0.0,0.0,5000,5000,4000630.0
1,128200,1900.0,0.0,1900.0,0.0,0,5000,0.0,0.0,0.0,0.0,0.0,0.0,5000,5000,4000630.0
1,128210,1900.0,0.0,1900.0,0.0,0,5000,0.0,0.0,0.0,0.0,0.0,0.0,5000,5000,4000630.0
1,128220,1900.0,0.0,1900.0,0.0,0,5000,0.0,0.0,0.0,0.0,0.0,0.0,5000,5000,4000630.0
1,128230,1900.0,0.0,1900.0,0.0,0,5000,0.0,0.0,0.0,0.0,0.0,0.0,5000,5000,4000630.0
1,128240,1900.0,0.0,1900.0,0.0,0,5000,0.0,0.0,0.0,0.0,0.0,0.0,5000,5000,4000630.0
1,128250,1900.0,0.0,1900.0,0.0,0,5000,0.0,0.0,0.0,0.0,0.0,0.0,5000,5000,4000630.0
1,128260,1900.0,0.0,1900.0,0.0,0,5000,0.0,0.0,0.0,0.0,0.0,0.0,5000,5000,4000630.0
1,128270,1900.0,0.0,1900.0,0.0,0,5000,0.0,0.0,0.0,0.0,0.0,0.0,5000,5000,4000630.0
1,128280,1900.0,0.0,1900.0,0.0,0,5000,0.0,0.0,0.0,0.0,0.0,0.0,5000,5000,4000630.0
1,128290,1900.0,0.0,1900.0,0.0,0,5000,0.0,0.0,0.0,0.0,0.0,0.0,5000,5000,4000630.0
1,128300,1900.0,0.0,1900.0,0.0,0,5000,0.0,0.0,0.0,0.0,0.0,0.0,5000,5000,4000630.0
1,128310,1900.0,0.0,1900.0,0.0,0,5000,0.0,0.0,0.0,0.0,0.0,0.0,5000,5000,4000630.0
1,128320,1900.0,0.0,1900.0,0.0,0,5000,0.0,0.0,0.0,0.0,0.0,0.0,5000,5000,4000630.0
1,128330,1900.0,0.0,1900.0,0.0,0,5000,0.0,0.0,0.0,0.0,0.0,0.0,5000,5000,4000630.0
1,128340,1900.0,0.0,1900.0,0.0,0,5000,0.0,0.0,0.0,0.0,0.0,0.0,5000,5000,4000630.0
1,128350,1900.0,0.0,1900.0,0.0,0,5000,0.0,0.0,0.0,0.0,0.0,0.0,5000,5000,4000630.0
1,128360,1900.0,0.0,1900.0,0.0,0,5000,0.0,0.0,0.0,0.0,0.0,0.0,5000,5000,4000630.0
1,128370,1900.0,0.0,1900.0,0.0,0,5000,0.0,0.0,0.0,0.0,0.0,0.0,5000,5000,4000630.0
1,128380,1900.0,0.0,1900.0,0.0,0,5000,0.0,0.0,0.0,0.0,0.0,0.0,5000,5000,4000630.0
1,128390,1900.0,0.0,1900.0,0.0,0,5000,0.0,0.0,0.0,0.0,0.0,0.0,5000,5000,4000630.0
1,128400,1900.0,0.0,1900.0,0.0,0,5000,0.0,0.0,0.0,0.0,0.0,0.0,5000,5000,4000630.0
1,128410,1900.0,0.0,1900.0,0.0,0,5000,0.0,0.0,0.0,0.0,0.0,0.0,5000,5000,4000630.0
2,132990,1900.0,0.0,1900.0,0.0,0,5000,0.0,0.0,0.0,0.0,0.0,0.0,5000,5000,4000630.0
2,133000,1900.0,0.0,1900.0,0.0,0,5000,0.0,0.0,0.0,0.0,0.0,0.0,5000,5000,4000630.0
2,133010,1900.0,0.0,1900.0,0.0,0,5000,0.0,0.0,0.0,0.0,0.0,0.0,5000,5000,4000630.0
2,133020,1900.0,0.0,1900.0,0.0,0,5000,0.0,0.0,0.0,0.0,0.0,0.0,5000,5000,4000630.0
2,133030,1900.0,0.0,1900.0,0.0,0,5000,0.0,0.0,0.0,0.0,0.0,0.0,5000,5000,4000630.0
2,133040,1900.0,0.0,1900.0,0.0,0,5000,0.0,0.0,0.0,0.0,0.0,0.0,5000,5000,4000630.0
2,133050,1900.0,0.0,1900.0,0.0,0,5000,0.0,0.0,0.0,0.0,0.0,0.0,5000,5000,4000630.0
2,133060,1900.0,0.0,1900.0,0.0,0,5000,0.0,0.0,0.0,0.0,0.0,0.0,5000,5000,4000630.0
2,133070,1900.0,0.0,1900.0,0.0,0,5000,0.0,0.0,0.0,0.0,0.0,0.0,5000,5000,4000630.0
2,133080,1900.0,0.0,1900.0,0.0,0,5000,0.0,0.0,0.0,0.0,0.0,0.0,5000,5000,4000630.0
2,133090,1900.0,0.0,1900.0,0.0,0,5000,0.0,0.0,0.0,0.0,0.0,0.0,5000,5000,4000630.0
2,133100,1900.0,0.0,1900.0,0.0,0,5000,0.0,0.0,0.0,0.0,0.0,0.0,5000,5000,4000630.0
2,133110,1900.0,0.0,1900.0,0.0,0,5000,0.0,0.0,0.0,0.0,0.0,0.0,5000,5000,4000630.0
2,133120,1900.0,0.0,1900.0,0.0,0,5000,0.0,0.0,0.0,0.0,0.0,0.0,5000,5000,4000630.0
2,133130,1900.0,0.0,1900.0,0.0,0,5000,0.0,0.0,0.0,0.0,0.0,0.0,5000,5000,4000630.0
2,133140,1900.0,0.0,1900.0,0.0,0,5000,0.0,0.0,0.0,0.0,0.0,0.0,5000,5000,4000630.0
2,133150,1900.0,0.0,1900.0,0.0,0,5000,0.0,0.0,0.0,0.0,0.0,0.0,5000,5000,4000630.0
2,133160,1900.0,0.0,1900.0,0.0,0,5000,0.0,0.0,0.0,0.0,0.0,0.0,5000,5000,4000630.0
2,133170,1900.0,0.0,1900.0,0.0,0,5000,0.0,0.0,0.0,0.0,0.0,0.0,5000,5000,4000630.0
2,133180,1900.0,0.0,1900.0,0.0,0,5000,0.0,0.0,0.0,0.0,0.0,0.0,5000,5000,4000630.0
2,133190,1900.0,0.0,1900.0,0.0,0,5000,0.0,0.0,0.0,0.0,0.0,0.0,5000,5000,4000630.0
2,133200,1900.0,0.0,1900.0,0.0,0,5000,0.0,0.0,0.0,0.0,0.0,0.0,5000,5000,4000630.0
2,133210,1900.0,0.0,1900.0,0.0,0,5000,0.0,0.0,0.0,0.0,0.0,0.0,5000,5000,4000630.0
2,133220,1900.0,0.0,1900.0,0.0,0,5000,0.0,0.0,0.0,0.0,0.0,0.0,5000,5000,4000630.0
2,133230,1900.0,0.0,1900.0,0.0,0,5000,0.0,0.0,0.0,0.0,0.0,0.0,5000,5000,4000630.0
2,133240,1900.0,0.0,1900.0,0.0,0,5000,0.0,0.0,0.0,0.0,0.0,0.0,5000,5000,4000630.0
2,133250,1900.0,0.0,1900.0,0.0,0,5000,0.0,0.0,0.0,0.0,0.0,0.0,5000,5000,4000630.0
2,133260,1900.0,0.0,1900.0,0.0,0,5000,0.0,0.0,0.0,0.0,0.0,0.0,5000,5000,4000630.0
2,133270,1900.0,0.0,1900.0,0.0,0,5000,0.0,0.0,0.0,0.0,0.0,0.0,5000,5000,4000630.0
2,133280,1900.0,0.0,1900.0,0.0,0,5000,0.0,0.0,0.0,0.0,0.0,0.0,5000,5000,4000630.0
2,133290,1900.0,0.0,1900.0,0.0,0,5000,0.0,0.0,0.0,0.0,0.0,0.0,5000,5000,4000630.0
2,133300,1900.0,0.0,1900.0,0.0,0,5000,0.0,0.0,0.0,0.0,0.0,0.0,5000,5000,4000630.0
2,133310,1900.0,0.0,1900.0,0.0,0,5000,0.0,0.0,0.0,0.0,0.0,0.0,5000,5000,4000630.0
2,133320,1900.0,0.0,1900.0,0.0,0,5000,0.0,0.0,0.0,0.0,0.0,0.0,5000,5000,4000630.0
2,133330,1900.0,0.0,1900.0,0.0,0,5000,0.0,0.0,0.0,0.0,0.0,0.0,5000,5000,4000630.0
2,133340,1900.0,0.0,1900.0,0.0,0,5000,0.0,0.0,0.0,0.0,0.0,0.0,5000,5000,4000630.0
2,133350,1900.0,0.0,1900.0,0.0,0,5000,0.0,0.0,0.0,0.0,0.0,0.0,5000,5000,4000630.0
2,133360,1900.0,0.0,1900.0,0.0,0,5000,0.0,0.0,0.0,0.0,0.0,0.0,5000,5000,4000630.0
2,133370,1900.0,0.0,1900.0,0.0,0,5000,0.0,0.0,0.0,0.0,0.0,0.0,5000,5000,4000630.0
2,133380,1900.0,0.0,1900.0,0.0,0,5000,0.0,0.0,0.0,0.0,0.0,0.0,5000,5000,4000630.0
2,133390,1900.0,0.0,1900.0,0.0,0,5000,0.0,0.0,0.0,0.0,0.0,0.0,5000,5000,4000630.0
2,133400,1900.0,0.0,1900.0,0.0,0,5000,0.0,0.0,0.0,0.0,0.0,0.0,5000,5000,4000630.0
2,133410,1900.0,0.0,1900.0,0.0,0,5000,0.0,0.0,0.0,0.0,0.0,0.0,5000,5000,4000630.0
2,133420,1900.0,0.0,1900.0,0.0,0,5000,0.0,0.0,0.0,0.0,0.0,0.0,5000,5000,4000630.0
2,133430,1900.0,0.0,1900.0,0.0,0,5000,0.0,0.0,0.0,0.0,0.0,0.0,5000,5000,4000630.0
2,133440,1900.0,0.0,1900.0,0.0,0,5000,0.0,0.0,0.0,0.0,0.0,0.0,5000,5000,4000630.0
2,133450,1900.0,0.0,1900.0,0.0,0,5000,0.0,0.0,0.0,0.0,0.0,0.0,5000,5000,4000630.0
2,133460,1900.0,0.0,1900.0,0.0,0,5000,0.0,0.0,0.0,0.0,0.0,0.0,5000,5000,4000630.0
2,133470,1900.0,0.0,1900.0,0.0,0,5000,0.0,0.0,0.0,0.0,0.0,0.0,5000,5000,4000630.0
2,133480,1900.0,0.0,1900.0,0.0,0,5000,0.0,0.0,0.0,0.0,0.0,0.0,5000,5000,4000630.0
2,133490,1900.0,0.0,1900.0,0.0,0,5000,0.0,0.0,0.0,0.0,0.0,0.0,5000,5000,4000630.0
2,133500,1900.0,0.0,1900.0,0.0,0,5000,0.0,0.0,0.0,0.0,0.0,0.0,5000,5000,4000630.0
2,133510,1900.0,0.0,1900.0,0.0,0,5000,0.0,0.0,0.0,0.0,0.0,0.0,5000,5000,4000630.0
2,133520,1900.0,0.0,1900.0,0.0,0,5000,0.0,0.0,0.0,0.0,0.0,0.0,5000,5000,4000630.0
2,133530,1900.0,0.0,1900.0,0.0,0,5000,0.0,0.0,0.0,0.0,0.0,0.0,5000,5000,4000630.0
2,133540,1900.0,0.0,1900.0,0.0,0,5000,0.0,0.0,0.0,0.0,0.0,0.0,5000,5000,4000630.0
2,133550,1900.0,0.0,1900.0,0.0,0,5000,0.0,0.0,0.0,0.0,0.0,0.0,5000,5000,4000630.0
2,133560,1900.0,0.0,1900.0,0.0,0,5000,0.0,0.0,0.0,0.0,0.0,0.0,5000,5000,4000630.0
2,133570,1900.0,0.0,1900.0,0.0,0,5000,0.0,0.0,0.0,0.0,0.0,0.0,5000,5000,4000630.0
2,133580,1900.0,0.0,1900.0,0.0,0,5000,0.0,0.0,0.0,0.0,0.0,0.0,5000,5000,4000630.0
2,133590,1900.0,0.0,1900.0,0.0,0,5000,0.0,0.0,0.0,0.0,0.0,0.0,5000,5000,4000630.0
2,133600,1900.0,0.0,1900.0,0.0,0,5000,0.0,0.0,0.0,0.0,0.0,0.0,5000,5000,4000630.0
2,133610,1900.0,0.0,1900.0,0.0,0,5000,0.0,0.0,0.0,0.0,0.0,0.0,5000,5000,4000630.0
2,133620,1900.0,0.0,1900.0,0.0,0,5000,0.0,0.0,0.0,0.0,0.0,0.0,5000,5000,4000630.0
2,133630,1900.0,0.0,1900.0,0.0,0,5000,0.0,0.0,0.0,0.0,0.0,0.0,5000,5000,4000630.0
2,133640,1900.0,0.0,1900.0,0.0,0,5000,0.0,0.0,0.0,0.0,0.0,0.0,5000,5000,4000630.0
2,133650,1900.0,0.0,1900.0,0.0,0,5000,0.0,0.0,0.0,0.0,0.0,0.0,5000,5000,4000630.0
2,133660,1900.0,0.0,1900.0,0.0,0,5000,0.0,0.0,0.0,0.0,0.0,0.0,5000,5000,4000630.0
2,133670,1900.0,0.0,1900.0,0.0,0,5000,0.0,0.0,0.0,0.0,0.0,0.0,5000,5000,4000630.0
2,133680,1900.0,0.0,1900.0,0.0,0,5000,0.0,0.0,0.0,0.0,0.0,0.0,5000,5000,4000630.0
2,133690,1900.0,0.0,1900.0,0.0,0,5000,0.0,0.0,0.0,0.0,0.0,0.0,5000,5000,4000630.0
2,133700,1900.0,0.0,1900.0,0.0,0,5000,0.0,0.0,0.0,0.0,0.0,0.0,5000,5000,4000630.0
2,133710,1900.0,0.0,1900.0,0.0,0,5000,0.0,0.0,0.0,0.0,0.0,0.0,5000,5000,4000630.0
2,133720,1900.0,0.0,1900.0,0.0,0,5000,0.0,0.0,0.0,0.0,0.0,0.0,5000,5000,4000630.0
2,133730,1900.0,0.0,1900.0,0.0,0,5000,0.0,0.0,0.0,0.0,0.0,0.0,5000,5000,4000630.0
2,133740,1900.0,0.0,1900.0,0.0,0,5000,0.0,0.0,0.0,0.0,0.0,0.0,5000,5000,4000630.0
2,133750,1900.0,0.0,1900.0,0.0,0,5000,0.0,0.0,0.0,0.0,0.0,0.0,5000,5000,4000630.0
2,133760,1900.0,0.0,1900.0,0.0,0,5000,0.0,0.0,0.0,0.0,0.0,0.0,5000,5000,4000630.0
2,133770,1900.0,0.0,1900.0,0.0,0,5000,0.0,0.0,0.0,0.0,0.0,0.0,5000,5000,4000630.0
2,133780,1900.0,0.0,1900.0,0.0,0,5000,0.0,0.0,0.0,0.0,0.0,0.0,5000,5000,4000630.0
2,133790,1900.0,0.0,1900.0,0.0,0,5000,0.0,0.0,0.0,0.0,0.0,0.0,5000,5000,4000630.0
2,133800,1900.0,0.0,1900.0,0.0,0,5000,0.0,0.0,0.0,0.0,0.0,0.0,5000,5000,4000630.0
2,133810,1900.0,0.0,1900.0,0.0,0,5000,0.0,0.0,0.0,0.0,0.0,0.0,5000,5000,4000630.0
2,133820,1900.0,0.0,1900.0,0.0,0,5000,0.0,0.0,0.0,0.0,0.0,0.0,5000,5000,4000630.0
2,133830,1900.0,0.0,1900.0,0.0,0,5000,0.0,0.0,0.0,0.0,0.0,0.0,5000,5000,4000630.0
2,133840,1900.0,0.0,1900.0,0.0,0,5000,0.0,0.0,0.0,0.0,0.0,0.0,5000,5000,4000630.0
2,133850,1900.0,0.0,1900.0,0.0,0,5000,0.0,0.0,0.0,0.0,0.0,0.0,5000,5000,4000630.0
2,133860,1900.0,0.0,1900.0,0.0,0,5000,0.0,0.0,0.0,0.0,0.0,0.0,5000,5000,4000630.0
2,133870,1900.0,0.0,1900.0,0.0,0,5000,0.0,0.0,0.0,0.0,0.0,0.0,5000,5000,4000630.0
2,133880,1900.0,0.0,1900.0,0.0,0,5000,0.0,0.0,0.0,0.0,0.0,0.0,5000,5000,4000630.0
2,133890,1900.0,0.0,1900.0,0.0,0,5000,0.0,0.0,0.0,0.0,0.0,0.0,5000,5000,4000630.0
2,133900,1900.0,0.0,1900.0,0.0,0,5000,0.0,0.0,0.0,0.0,0.0,0.0,5000,5000,4000630.0
2,133910,1900.0,0.0,1900.0,0.0,0,5000,0.0,0.0,0.0,0.0,0.0,0.0,5000,5000,4000630.0
2,133920,1900.0,0.0,1900.0,0.0,0,5000,0.0,0.0,0.0,0.0,0.0,0.0,5000,5000,4000630.0
2,133930,1900.0,0.0,1900.0,0.0,0,5000,0.0,0.0,0.0,0.0,0.0,0.0,5000,5000,4000630.0
2,133940,1900.0,0.0,1900.0,0.0,0,5000,0.0,0.0,0.0,0.0,0.0,0.0,5000,5000,4000630.0
2,133950,1900.0,0.0,1900.0,0.0,0,5000,0.0,0.0,0.0,0.0,0.0,0.0,5000,5000,4000630.0
2,133960,1900.0,0.0,1900.0,0.0,0,5000,0.0,0.0,0.0,0.0,0.0,0.0,5000,5000,4000630.0
2,133970,1900.0,0.0,1900.0,0.0,0,5000,0.0,0.0,0.0,0.0,0.0,0.0,5000,5000,4000630.0
2,133980,1900.0,0.0,1900.0,0.0,0,5000,0.0,0.0,0.0,0.0,0.0,0.0,5000,5000,4000630.0
2,133990,1900.0,0.0,1900.0,0.0,0,5000,0.0,0.0,0.0,0.0,0.0,0.0,5000,5000,4000630.0
3,138600,1900.0,0.0,1900.0,0.0,0,5000,0.0,0.0,0.0,0.0,0.0,0.0,5000,5000,4000630.0
3,138610,1900.0,0.0,1900.0,0.0,0,5000,0.0,0.0,0.0,0.0,0.0,0.0,5000,5000,4000630.0
3,138620,1900.0,0.0,1900.0,0.0,0,5000,0.0,0.0,0.0,0.0,0.0,0.0,5000,5000,4000630.0
3,138630,1900.0,0.0,1900.0,0.0,0,5000,0.0,0.0,0.0,0.0,0.0,0.0,5000,5000,4000630.0
3,138640,1900.0,0.0,1900.0,0.0,0,5000,0.0,0.0,0.0,0.0,0.0,0.0,5000,5000,4000630.0
3,138650,1900.0,0.0,1900.0,0.0,0,5000,0.0,0.0,0.0,0.0,0.0,0.0,5000,5000,4000630.0
3,138660,1900.0,0.0,1900.0,0.0,0,5000,0.0,0.0,0.0,0.0,0.0,0.0,5000,5000,4000630.0
3,138670,1900.0,0.0,1900.0,0.0,0,5000,0.0,0.0,0.0,0.0,0.0,0.0,5000,5000,4000630.0
3,138680,1900.0,0.0,1900.0,0.0,0,5000,0.0,0.0,0.0,0.0,0.0,0.0,5000,5000,4000630.0
3,138690,1900.0,0.0,1900.0,0.0,0,5000,0.0,0.0,0.0,0.0,0.0,0.0,5000,5000,4000630.0
3,138700,1900.0,0.0,1900.0,0.0,0,5000,0.0,0.0,0.0,0.0,0.0,0.0,5000,5000,4000630.0
3,138710,1900.0,0.0,1900.0,0.0,0,5000,0.0,0.0,0.0,0.0,0.0,0.0,5000,5000,4000630.0
3,138720,1900.0,0.0,1900.0,0.0,0,5000,0.0,0.0,0.0,0.0,0.0,0.0,5000,5000,4000630.0
3,138730,1900.0,0.0,1900.0,0.0,0,5000,0.0,0.0,0.0,0.0,0.0,0.0,5000,5000,4000630.0
3,138740,1900.0,0.0,1900.0,0.0,0,5000,0.0,0.0,0.0,0.0,0.0,0.0,5000,5000,4000630.0
3,138750,1900.0,0.0,1900.0,0.0,0,5000,0.0,0.0,0.0,0.0,0.0,0.0,5000,5000,4000630.0
3,138760,1900.0,0.0,1900.0,0.0,0,5000,0.0,0.0,0.0,0.0,0.0,0.0,5000,5000,4000630.0
3,138770,1900.0,0.0,1900.0,0.0,0,5000,0.0,0.0,0.0,0.0,0.0,0.0,5000,5000,4000630.0
3,138780,1900.0,0.0,1900.0,0.0,0,5000,0.0,0.0,0.0,0.0,0.0,0.0,5000,5000,4000630.0
3,138790,1900.0,0.0,1900.0,0.0,0,5000,0.0,0.0,0.0,0.0,0.0,0.0,5000,5000,4000630.0
3,138800,1900.0,0.0,1900.0,0.0,0,5000,0.0,0.0,0.0,0.0,0.0,0.0,5000,5000,4000630.0
3,138810,1900.0,0.0,1900.0,0.0,0,5000,0.0,0.0,0.0,0.0,0.0,0.0,5000,5000,4000630.0
3,138820,1900.0,0.0,1900.0,0.0,0,5000,0.0,0.0,0.0,0.0,0.0,0.0,5000,5000,4000630.0
3,138830,1900.0,0.0,1900.0,0.0,0,5000,0.0,0.0,0.0,0.0,0.0,0.0,5000,5000,4000630.0
3,138840,1900.0,0.0,1900.0,0.0,0,5000,0.0,0.0,0.0,0.0,0.0,0.0,5000,5000,4000630.0
3,138850,1900.0,0.0,1900.0,0.0,0,5000,0.0,0.0,0.0,0.0,0.0,0.0,5000,5000,4000630.0
3,138860,1900.0,0.0,1900.0,0.0,0,5000,0.0,0.0,0.0,0.0,0.0,0.0,5000,5000,4000630.0
3,138870,1900.0,0.0,1900.0,0.0,0,5000,0.0,0.0,0.0,0.0,0.0,0.0,5000,5000,4000630.0
3,138880,1900.0,0.0,1900.0,0.0,0,5000,0.0,0.0,0.0,0.0,0.0,0.0,5000,5000,4000630.0
3,138890,1900.0,0.0,1900.0,0.0,0,5000,0.0,0.0,0.0,0.0,0.0,0.0,5000,5000,4000630.0
3,138900,1900.0,0.0,1900.0,0.0,0,5000,0.0,0.0,0.0,0.0,0.0,0.0,5000,5000,4000630.0
3,138910,1900.0,0.0,1900.0,0.0,0,5000,0.0,0.0,0.0,0.0,0.0,0.0,5000,5000,4000630.0
3,138920,1900.0,0.0,1900.0,0.0,0,5000,0.0,0.0,0.0,0.0,0.0,0.0,5000,5000,4000630.0
3,138930,1900.0,0.0,1900.0,0.0,0,5000,0.0,0.0,0.0,0.0,0.0,0.0,5000,5000,4000630.0
3,138940,1900.0,0.0,1900.0,0.0,0,5000,0.0,0.0,0.0,0.0,0.0,0.0,5000,5000,4000630.0
3,138950,1900.0,0.0,1900.0,0.0,0,5000,0.0,0.0,0.0,0.0,0.0,0.0,5000,5000,4000630.0
3,138960,1900.0,0.0,1900.0,0.0,0,5000,0.0,0.0,0.0,0.0,0.0,0.0,5000,5000,4000630.0
3,138970,1900.0,0.0,1900.0,0.0,0,5000,0.0,0.0,0.0,0.0,0.0,0.0,5000,5000,4000630.0
3,138980,1900.0,0.0,1900.0,0.0,0,5000,0.0,0.0,0.0,0.0,0.0,0.0,5000,5000,4000630.0
3,138990,1900.0,0.0,1900.0,0.0,0,5000,0.0,0.0,0.0,0.0,0.0,0.0,5000,5000,4000630.0
3,139000,1900.0,0.0,1900.0,0.0,0,5000,0.0,0.0,0.0,0.0,0.0,0.0,5000,5000,4000630.0
3,139010,1900.0,0.0,1900.0,0.0,0,5000,0.0,0.0,0.0,0.0,0.0,0.0,5000,5000,4000630.0
3,139020,1900.0,0.0,1900.0,0.0,0,5000,0.0,0.0,0.0,0.0,0.0,0.0,5000,5000,4000630.0
3,139030,1900.0,0.0,1900.0,0.0,0,5000,0.0,0.0,0.0,0.0,0.0,0.0,5000,5000,4000630.0
3,139040,1900.0,0.0,1900.0,0.0,0,5000,0.0,0.0,0.0,0.0,0.0,0.0,5000,5000,4000630.0
3,139050,1900.0,0.0,1900.0,0.0,0,5000,0.0,0.0,0.0,0.0,0.0,0.0,5000,5000,4000630.0
3,139060,1900.0,0.0,1900.0,0.0,0,5000,0.0,0.0,0.0,0.0,0.0,0.0,5000,5000,4000630.0
3,139070,1900.0,0.0,1900.0,0.0,0,5000,0.0,0.0,0.0,0.0,0.0,0.0,5000,5000,4000630.0
3,139080,1900.0,0.0,1900.0,0.0,0,5000,0.0,0.0,0.0,0.0,0.0,0.0,5000,5000,4000630.0
3,139090,1900.0,0.0,1900.0,0.0,0,5000,0.0,0.0,0.0,0.0,0.0,0.0,5000,5000,4000630.0
3,139100,1900.0,0.0,1900.0,0.0,0,5000,0.0,0.0,0.0,0.0,0.0,0.0,5000,5000,4000630.0
3,139110,1900.0,0.0,1900.0,0.0,0,5000,0.0,0.0,0.0,0.0,0.0,0.0,5000,5000,4000630.0
3,139120,1900.0,0.0,1900.0,0.0,0,5000,0.0,0.0,0.0,0.0,0.0,0.0,5000,5000,4000630.0
3,139130,1900.0,0.0,1900.0,0.0,0,5000,0.0,0.0,0.0,0.0,0.0,0.0,5000,5000,4000630.0
3,139140,1900.0,0.0,1900.0,0.0,0,5000,0.0,0.0,0.0,0.0,0.0,0.0,5000,5000,4000630.0
3,139150,1900.0,0.0,1900.0,0.0,0,5000,0.0,0.0,0.0,0.0,0.0,0.0,5000,5000,4000630.0
3,139160,1900.0,0.0,1900.0,0.0,0,5000,0.0,0.0,0.0,0.0,0.0,0.0,5000,5000,4000630.0
3,139170,1900.0,0.0,1900.0,0.0,0,5000,0.0,0.0,0.0,0.0,0.0,0.0,5000,5000,4000630.0
3,139180,1900.0,0.0,1900.0,0.0,0,5000,0.0,0.0,0.0,0.0,0.0,0.0,5000,5000,4000630.0
3,139190,1900.0,0.0,1900.0,0.0,0,5000,0.0,0.0,0.0,0.0,0.0,0.0,5000,5000,4000630.0
3,139200,1900.0,0.0,1900.0,0.0,0,5000,0.0,0.0,0.0,0.0,0.0,0.0,5000,5000,4000630.0
3,139210,1900.0,0.0,1900.0,0.0,0,5000,0.0,0.0,0.0,0.0,0.0,0.0,5000,5000,4000630.0
3,139220,1900.0,0.0,1900.0,0.0,0,5000,0.0,0.0,0.0,0.0,0.0,0.0,5000,5000,4000630.0
3,139230,1900.0,0.0,1900.0,0.0,0,5000,0.0,0.0,0.0,0.0,0.0,0.0,5000,5000,4000630.0
3,139240,1900.0,0.0,1900.0,0.0,0,5000,0.0,0.0,0.0,0.0,0.0,0.0,5000,5000,4000630.0
3,139250,1900.0,0.0,1900.0,0.0,0,5000,0.0,0.0,0.0,0.0,0.0,0.0,5000,5000,4000630.0
3,139260,1900.0,0.0,1900.0,0.0,0,5000,0.0,0.0,0.0,0.0,0.0,0.0,5000,5000,4000630.0
3,139270,1900.0,0.0,1900.0,0.0,0,5000,0.0,0.0,0.0,0.0,0.0,0.0,5000,5000,4000630.0
3,139280,1900.0,0.0,1900.0,0.0,0,5000,0.0,0.0,0.0,0.0,0.0,0.0,5000,5000,4000630.0
3,139290,1900.0,0.0,1900.0,0.0,0,5000,0.0,0.0,0.0,0.0,0.0,0.0,5000,5000,4000630.0
3,139300,1900.0,0.0,1900.0,0.0,0,5000,0.0,0.0,0.0,0.0,0.0,0.0,5000,5000,4000630.0
3,139310,1900.0,0.0,1900.0,0.0,0,5000,0.0,0.0,0.0,0.0,0.0,0.0,5000,5000,4000630.0
3,139320,1900.0,0.0,1900.0,0.0,0,5000,0.0,0.0,0.0,0.0,0.0,0.0,5000,5000,4000630.0
3,139330,1900.0,0.0,1900.0,0.0,0,5000,0.0,0.0,0.0,0.0,0.0,0.0,5000,5000,4000630.0
3,139340,1900.0,0.0,1900.0,0.0,0,5000,0.0,0.0,0.0,0.0,0.0,0.0,5000,5000,4000630.0
3,139350,1900.0,0.0,1900.0,0.0,0,5000,0.0,0.0,0.0,0.0,0.0,0.0,5000,5000,4000630.0
3,139360,1900.0,0.0,1900.0,0.0,0,5000,0.0,0.0,0.0,0.0,0.0,0.0,5000,5000,4000630.0
3,139370,1900.0,0.0,1900.0,0.0,0,5000,0.0,0.0,0.0,0.0,0.0,0.0,5000,5000,4000630.0
3,139380,1900.0,0.0,1900.0,0.0,0,5000,0.0,0.0,0.0,0.0,0.0,0.0,5000,5000,4000630.0
3,139390,1900.0,0.0,1900.0,0.0,0,5000,0.0,0.0,0.0,0.0,0.0,0.0,5000,5000,4000630.0
3,139400,1900.0,0.0,1900.0,0.0,0,5000,0.0,0.0,0.0,0.0,0.0,0.0,5000,5000,4000630.0
3,139410,1900.0,0.0,1900.0,0.0,0,5000,0.0,0.0,0.0,0.0,0.0,0.0,5000,5000,4000630.0
3,139420,1900.0,0.0,1900.0,0.0,0,5000,0.0,0.0,0.0,0.0,0.0,0.0,5000,5000,4000630.0
3,139430,1900.0,0.0,1900.0,0.0,0,5000,0.0,0.0,0.0,0.0,0.0,0.0,5000,5000,4000630.0
3,139440,1900.0,0.0,1900.0,0.0,0,5000,0.0,0.0,0.0,0.0,0.0,0.0,5000,5000,4000630.0
3,139450,1900.0,0.0,1900.0,0.0,0,5000,0.0,0.0,0.0,0.0,0.0,0.0,5000,5000,4000630.0
3,139460,1900.0,0.0,1900.0,0.0,0,5000,0.0,0.0,0.0,0.0,0.0,0.0,5000,5000,4000630.0
3,139470,1900.0,0.0,1900.0,0.0,0,5000,0.0,0.0,0.0,0.0,0.0,0.0,5000,5000,4000630.0
3,139480,1900.0,0.0,1900.0,0.0,0,5000,0.0,0.0,0.0,0.0,0.0,0.0,5000,5000,4000630.0
3,139490,1900.0,0.0,1900.0,0.0,0,5000,0.0,0.0,0.0,0.0,0.0,0.0,5000,5000,4000630.0
3,139500,1900.0,0.0,1900.0,0.0,0,5000,0.0,0.0,0.0,0.0,0.0,0.0,5000,5000,4000630.0
3,139510,1900.0,0.0,1900.0,0.0,0,5000,0.0,0.0,0.0,0.0,0.0,0.0,5000,5000,4000630.0
3,139520,1900.0,0.0,1900.0,0.0,0,5000,0.0,0.0,0.0,0.0,0.0,0.0,5000,5000,4000630.0
3,139530,1900.0,0.0,1900.0,0.0,0,5000,0.0,0.0,0.0,0.0,0.0,0.0,5000,5000,4000630.0
3,139540,1900.0,0.0,1900.0,0.0,0,5000,0.0,0.0,0.0,0.0,0.0,0.0,5000,5000,4000630.0
3,139550,1900.0,0.0,1900.0,0.0,0,5000,0.0,0.0,0.0,0.0,0.0,0.0,5000,5000,4000630.0
3,139560,1900.0,0.0,1900.0,0.0,0,5000,0.0,0.0,0.0,0.0,0.0,0.0,5000,5000,4000630.0
3,139570,1900.0,0.0,1900.0,0.0,0,5000,0.0,0.0,0.0,0.0,0.0,0.0,5000,5000,4000630.0
3,139580,1900.0,0.0,1900.0,0.0,0,5000,0.0,0.0,0.0,0.0,0.0,0.0,5000,5000,4000630.0
3,139590,1900.0,0.0,1900.0,0.0,0,5000,0.0,0.0,0.0,0.0,0.0,0.0,5000,5000,4000630.0
